"","baseMean","log2FoldChange","lfcSE","stat","pvalue","padj"
"FBgn0259821",256.591696518922,1.08328306261271,0.166326421014986,6.51299448399185,7.36672167190937e-11,3.33557402860191e-09
"FBgn0085334",75.018077782482,-1.23246520666097,0.373280882660358,-3.30170995599141,0.000960973843375992,0.0107335897052582
"FBgn0037223",37.0078320042312,-2.08708637649657,0.413687567636988,-5.04507879803629,4.53334501284899e-07,1.25807635953354e-05
"FBgn0037290",101.937192923362,3.07652398037749,0.277079217301836,11.1034093799467,1.2074807000815e-28,2.73367275336872e-26
"FBgn0000071",468.057925667952,2.59213486601001,0.15089347169927,17.1785753009655,3.84232138221193e-66,3.30554908511692e-63
"FBgn0015568",306.13627281028,1.03324455202263,0.168339426638005,6.13786427017187,8.36382735433028e-10,3.31585284466836e-08
"FBgn0266801",314.610805270826,1.15381267297383,0.210172241093733,5.48984331598408,4.02290449865297e-08,1.30109200759066e-06
"FBgn0037635",281.805124702412,-1.02706842804757,0.15388804037682,-6.67412766796319,2.48707042281328e-11,1.24396900275946e-09
"FBgn0037646",60.0029670852898,-2.70699369601494,0.36125777314223,-7.49324692025153,6.71903245155023e-14,5.16105680184702e-12
"FBgn0037678",50.8593837148193,1.76521761773504,0.373995920246198,4.71988468904426,2.35978375423805e-06,5.65493583223119e-05
"FBgn0261552",8903.62977454312,-1.78527022151637,0.146748018898412,-12.1655490473929,4.74245844489188e-34,1.51108777782981e-31
"FBgn0002868",158.212301712193,-2.05078519114162,0.216603168597762,-9.46793717016202,2.85424437967548e-21,3.96049425779808e-19
"FBgn0037754",394.464100332039,-2.31946066375281,0.164514317022614,-14.0988377530327,3.86075774590411e-45,2.37243563485808e-42
"FBgn0051477",62.3499577895835,1.04371852818545,0.301943421021579,3.45666921522644,0.000546895721603428,0.00671200636848787
"FBgn0265276",224.663354981489,1.85411990960778,0.193180462087195,9.59786455408154,8.16178164096399e-22,1.17026345762022e-19
"FBgn0038143",43.8547860644157,1.09187222317533,0.346958672313995,3.14698063574325,0.00164965886598444,0.016696488498899
"FBgn0038149",1500.13264166384,1.0625981553833,0.107721964677316,9.86426638769849,5.9467556076146e-23,9.13570330219793e-21
"FBgn0051337",1398.84123276944,-1.02580997181796,0.12819658923363,-8.00185073526791,1.22562905329269e-15,1.13377276833086e-13
"FBgn0038198",92.4167183825659,2.33657479698729,0.309027028465214,7.56106936209406,3.99768980897496e-14,3.18445605801959e-12
"FBgn0038237",43.4095878061772,-2.21326728306494,0.465653058248202,-4.75303929365631,2.00381385507691e-06,4.89738937364394e-05
"FBgn0038261",44.270576613608,1.54210678169867,0.358425801466408,4.3024435612323,1.6892470847347e-05,0.000330572327579437
"FBgn0263041",161.688908188167,-1.64777420962,0.259707133499939,-6.34473988994372,2.22801560370936e-10,9.53612847697094e-09
"FBgn0038381",211.577355436522,-1.09594731567504,0.188440382596033,-5.81588352017128,6.03144561112832e-09,2.13313727605598e-07
"FBgn0063649",839.904531248908,-1.22630164397264,0.123251113588445,-9.94961918208264,2.53150067102934e-23,4.18817312939719e-21
"FBgn0024491",1266.66880709819,1.03316357711837,0.124361318458362,8.30775670382014,9.75282338651032e-17,9.53449313569867e-15
"FBgn0038484",39.5661294520928,-1.31230001195059,0.401907863072009,-3.26517625686629,0.00109395980369478,0.0120042553459008
"FBgn0038528",230.918983839902,1.385839420032,0.183560151723773,7.54978358329891,4.3598209444994e-14,3.44105867757141e-12
"FBgn0038545",122.58605243658,1.07897454961347,0.220394443284423,4.8956522384779,9.79802045860638e-07,2.55933639140019e-05
"FBgn0038832",429.850329748409,-2.68909673328482,0.179966485226841,-14.9422084333942,1.7507548914937e-50,1.25514536096002e-47
"FBgn0038865",405.781226429883,-1.02502582169105,0.151088866824921,-6.78425778968106,1.16684815170968e-11,6.273996655724e-10
"FBgn0051163",20.5461740303931,1.52712027114572,0.499400935652664,3.05790430518505,0.00222890741505501,0.0217160707720478
"FBgn0039069",48.870417678032,-1.05461807877708,0.348988053803327,-3.02193174604025,0.00251167174611862,0.0239555565763398
"FBgn0039094",23.0313843749987,-1.72749006761216,0.490914112503417,-3.51892525314218,0.00043329876888397,0.00557200195621643
"FBgn0039098",460.720359753625,-1.00593920106413,0.158259776738328,-6.3562531288502,2.06734257725562e-10,8.89267409606504e-09
"FBgn0042106",42.7647985081152,-1.22574623793548,0.408529961246308,-3.00038272394043,0.00269640566112231,0.0254914042886102
"FBgn0039109",663.673672415969,-1.33218814858761,0.127714522163467,-10.4309840887357,1.79024465245697e-25,3.42254994335274e-23
"FBgn0039155",1086.97429520489,-4.60365367832158,0.154360455948336,-29.8240481996399,1.90587286731678e-195,1.63962242775263e-191
"FBgn0039178",23.5500555752701,2.27356032143587,0.521652005385565,4.3583850880731,1.31025688118822e-05,0.000265852357284487
"FBgn0051125",39.2436888730555,1.28967495639292,0.365459406424277,3.52891438480498,0.000417268101161698,0.005406261256467
"FBgn0039257",841.703273747529,-1.078689652973,0.119256600893454,-9.04511486065847,1.49507906234705e-19,1.89149487843701e-17
"FBgn0051092",230.574621771462,2.24097939048454,0.181909509252097,12.3191987032349,7.14002000999296e-35,2.36252277484498e-32
"FBgn0002609",62.3327742779074,-1.51584685710109,0.315992641089385,-4.79709543828363,1.60982910791743e-06,4.01430719287352e-05
"FBgn0039419",2681.64820004943,-1.16441167690336,0.0943272774608213,-12.3443791472409,5.22356310532027e-35,1.79753253580281e-32
"FBgn0026562",65114.8405637953,-2.4701565223763,0.087423362213792,-28.2551077861269,1.23185231942402e-175,3.53254183466829e-172
"FBgn0039464",1233.51291620627,1.05464036478414,0.109401578757622,9.64008359624023,5.41438653336494e-22,7.8949097197523e-20
"FBgn0039479",253.814343944181,1.47057679600069,0.164618981853883,8.9332152309506,4.13803543183743e-19,5.0856455457282e-17
"FBgn0039485",86.6891794029857,1.42821774530603,0.257455207934439,5.54744165699581,2.89879842667189e-08,9.55492830063534e-07
"FBgn0046258",12.7021706922872,2.092427851164,0.690876517170621,3.02865678476556,0.00245643578136194,0.0235330924577469
"FBgn0053346",17.6315068184737,1.61095308686477,0.584766638789041,2.75486489824521,0.00587163752612751,0.0471649837883053
"FBgn0039593",63.8120696049177,1.8895204448517,0.327488976152787,5.76972228820968,7.94022763003562e-09,2.76557806887435e-07
"FBgn0265274",69.1669597322632,1.31751337985391,0.304600730486231,4.32537826731662,1.52270339996048e-05,0.000304646915113023
"FBgn0039640",107.433794690023,-1.74023769681564,0.254976075929111,-6.8251018864196,8.78629346018124e-12,4.87667629922188e-10
"FBgn0002773",59.5943370428752,-1.06147962589622,0.323470432871736,-3.28153524411031,0.00103243620990949,0.0114312081259348
"FBgn0039759",22.6184494427885,1.75809947761309,0.51291950007344,3.42763236211797,0.000608869402140007,0.00734656867687304
"FBgn0039788",25.7407515915497,1.81241530344047,0.487794652173752,3.71552926085562,0.000202778796140106,0.00287398020295442
"FBgn0024288",86.5827933670693,-4.60963293574128,0.400537339547124,-11.5086222446907,1.19370187345023e-30,3.31271523138461e-28
"FBgn0039827",390.901782011095,-4.10760517480775,0.196997441535256,-20.8510584848008,1.49087901164886e-96,1.83229030531645e-93
"FBgn0029002",2264.09617997135,1.4279740780286,0.367566712071758,3.88493851899687,0.000102355787243222,0.00159234509521417
"FBgn0016715",202.183710806775,-2.26859628684877,0.202365075833415,-11.210414037629,3.62493732062662e-29,8.66259326926411e-27
"FBgn0265706",41.5987989927696,-1.40433794068379,0.430167469176562,-3.26463073409993,0.00109606868134993,0.0120120749880936
"FBgn0263042",63.2504631869731,-1.43909420076134,0.319759221200263,-4.50055574741359,6.77760260128234e-06,0.000147756662002431
"FBgn0035147",28915.9028793075,-1.1889620759011,0.110975830671137,-10.7137028730557,8.77790680500439e-27,1.7980079105584e-24
"FBgn0264475",955.454453674265,-2.52784529714799,0.135516578312784,-18.653402621438,1.184906578975e-77,1.27421891236524e-74
"FBgn0063667",19.1507594687134,2.75484591291079,0.580704569571778,4.74397147407031,2.0956837303008e-06,5.09298506547395e-05
"FBgn0035189",307.044836616,2.8922119671786,0.210197863073587,13.7594736924899,4.46767409842685e-43,2.56236001791775e-40
"FBgn0020248",52.4733609427989,1.98487972500372,0.32715665997661,6.06706195480058,1.3027131464185e-09,5.07114986363726e-08
"FBgn0052313",21.1464322014665,-1.60960524318994,0.544224560299758,-2.95761228104694,0.00310031813767593,0.028314264265845
"FBgn0035267",54.1392889817026,1.05710181071357,0.334510448020244,3.16014586979236,0.00157690169291954,0.0161868554898234
"FBgn0035344",114.250751414324,-1.65319041260915,0.233243416559458,-7.08783311870119,1.36228099254367e-12,8.61742895503914e-11
"FBgn0259224",446.690497767689,1.1004088621782,0.183763282235995,5.98818680635569,2.12193268019172e-09,8.04184442629488e-08
"FBgn0035523",70.9981974167003,1.59319974952467,0.356421223393842,4.4699912489897,7.82227976438035e-06,0.000168362157275843
"FBgn0035539",31.1329608840348,1.91457711210683,0.495298583827025,3.86550088093018,0.000110861448845545,0.00171228194689088
"FBgn0262733",551.049205466041,2.07637338262609,0.16144963899762,12.8608115541014,7.47873215652997e-38,2.79737098880988e-35
"FBgn0262870",44.4284376479661,-1.58976382395065,0.370643857417711,-4.28919511853397,1.79321786171325e-05,0.000347456154601781
"FBgn0052407",285.534784670639,-2.10536731598153,0.169407798750824,-12.4278063436634,1.846315926689e-35,6.61827329887729e-33
"FBgn0035710",26.1617709383304,2.19247176625187,0.504916722336581,4.34224431329164,1.41034573724917e-05,0.000285487161824815
"FBgn0035727",100.156222319451,1.63762127427376,0.244447605010922,6.69927313953677,2.09458764200124e-11,1.05998455789039e-09
"FBgn0259935",80.3344615822814,1.06866475690898,0.266690552067839,4.0071339184042,6.14600183702569e-05,0.00100904682831931
"FBgn0035932",43.8307913115621,1.43587888359072,0.38898407269839,3.69135649598711,0.000223061236053311,0.00312540034815413
"FBgn0035957",20.201682362524,1.58985937475827,0.554638397028673,2.86647910291736,0.00415065561070002,0.0363626173308068
"FBgn0000116",957.325638200019,1.17260570419571,0.146059492456859,8.02827453711749,9.88530759342996e-16,9.3454177171734e-14
"FBgn0023479",4584.75321807884,-1.54292832566145,0.119476861448851,-12.9140346252064,3.75119137860223e-38,1.4668863377325e-35
"FBgn0040827",316.742381220904,-1.94741277958955,0.171599667861932,-11.348581287211,7.5375769325238e-30,1.96502346516674e-27
"FBgn0035968",428.338531528475,1.0751871089263,0.144666082159915,7.43219898453999,1.06806961539803e-13,7.99008947936459e-12
"FBgn0035969",18.4920232024092,1.99060898159601,0.571126081378506,3.48541074641759,0.000491382121503343,0.00619847564705756
"FBgn0001225",607.720282537841,1.31840633046924,0.136006783904798,9.69368065781261,3.20756301852935e-22,4.75770080144966e-20
"FBgn0001224",866.042882593671,1.45619445095569,0.134504079407889,10.8263961759831,2.58114977675821e-27,5.55140788236273e-25
"FBgn0001226",1764.7869878867,1.67697129060266,0.127027027961015,13.2016887864001,8.57899285888385e-40,3.69025377824889e-37
"FBgn0036181",50.0335751765566,-1.02858423947424,0.370410720098828,-2.77687492197797,0.00548842951776862,0.0448469177285692
"FBgn0036287",24.4442871574712,1.48069176759778,0.519282946061309,2.85141612839133,0.00435249670437184,0.0375949087828423
"FBgn0036373",5491.27541337799,-1.05810242249831,0.14087695875369,-7.51082669486288,5.87551328351061e-14,4.55378745748124e-12
"FBgn0029167",5430.06727658048,-2.19567714456425,0.0967233237028263,-22.7005965108299,4.41958519963953e-114,7.60433829449978e-111
"FBgn0263232",437.725089776099,1.31424298459582,0.148556892913501,8.84673177272931,9.01196508381034e-19,1.04770183264892e-16
"FBgn0087007",195.996762874124,1.03125633659039,0.20935158302764,4.92595432848595,8.39496060759673e-07,2.24291447537748e-05
"FBgn0264702",106.97701928319,1.04783627073409,0.265575080363093,3.945536867772,7.96213793677175e-05,0.0012732020942388
"FBgn0004396",3535.47792517561,1.11107018941138,0.152815606577111,7.27065915777873,3.577375404901e-13,2.48000942986544e-11
"FBgn0036560",27.7142410668605,2.17735694858071,0.468079562885785,4.65168129784808,3.29239638095806e-06,7.63463236263672e-05
"FBgn0041721",33.2440553950684,1.22800630626656,0.433822694322575,2.83066405316607,0.00464514825754631,0.0394104639641725
"FBgn0010223",81.723829756862,-1.30940072191032,0.264808366951026,-4.9447105353453,7.62570887260481e-07,2.06301803242199e-05
"FBgn0052185",31.5486182326698,1.42300101166422,0.408450828115029,3.48389797183487,0.000494167830517885,0.00622448879347784
"FBgn0000567",378.817044431818,-1.25754134055461,0.165067089356809,-7.61836502633369,2.56908931362404e-14,2.23209601398683e-12
"FBgn0264748",18.8489122226765,1.71643468507653,0.545618282712267,3.14585258496863,0.00165603452091699,0.016741321954699
"FBgn0036801",51.7373768196504,-1.27860486005474,0.329314977791721,-3.88261982078266,0.000103337067352929,0.00160470900800947
"FBgn0036821",609.146571478564,-1.7370855714687,0.454025825271033,-3.82596203736151,0.000130262364613784,0.00193215021167653
"FBgn0002945",84.3135982922713,-1.06195195893383,0.315602877631529,-3.36483610955433,0.000765891375722443,0.00884424631589286
"FBgn0036862",432.409187263526,1.07122754764049,0.384113043480659,2.78883408366846,0.00528981572925282,0.0435485978169971
"FBgn0267635",260.399719794338,1.23373693253498,0.175497356352366,7.02994596715099,2.06613534270414e-12,1.26964016809169e-10
"FBgn0036985",2821.01714978609,-1.33289605725338,0.146561382283439,-9.09445610082779,9.50610673828425e-20,1.22061248163372e-17
"FBgn0037046",36.5403206239129,1.68595207888471,0.407242241136443,4.13992437076253,3.47420341362396e-05,0.000621728082758092
"FBgn0037153",194.581109820095,1.72269862709861,0.193354942627715,8.90951430404077,5.12566100196807e-19,6.04055638355224e-17
"FBgn0033065",44.6514607786079,2.92704526017812,0.405677654471601,7.21519962441764,5.3854913147491e-13,3.61963920162394e-11
"FBgn0050495",10.5487773124793,2.47961365901438,0.869782675735938,2.85084277738268,0.0043603523878215,0.0376249865520846
"FBgn0033268",124.255195980311,1.0217427974397,0.224478806388786,4.55162255126255,5.32337749772003e-06,0.000118953289903598
"FBgn0261588",33.0924616102424,1.19064165720985,0.423800379947674,2.80943980596917,0.004962779863576,0.0414512574430528
"FBgn0050359",67.3545646660861,1.18627392684012,0.29209300726763,4.06128834762962,4.88026502461435e-05,0.000826474803282623
"FBgn0033363",146.109665938563,-1.00330241537719,0.223330122064486,-4.4924634711277,7.04039973293066e-06,0.000152950906319198
"FBgn0033367",22435.8857439276,1.382017870126,0.150924837997516,9.15699422615081,5.33629278755175e-20,6.95577679565268e-18
"FBgn0033368",96.3515926874842,1.35456874223001,0.263918433306312,5.1325279756335,2.85876219775555e-07,8.22539504591673e-06
"FBgn0033426",534.089138112067,-1.00696348495075,0.138366600380537,-7.27750397987224,3.40052975331465e-13,2.39793093998081e-11
"FBgn0033446",125.902567353012,-1.09035659379977,0.230823991559057,-4.72375764076847,2.31526315911424e-06,5.57933024029687e-05
"FBgn0033458",61.2097093378097,1.18231467667843,0.331862074133107,3.56266885803953,0.000367103628273887,0.00484385354914149
"FBgn0265512",100.676629581873,-1.98331759856813,0.348344808602059,-5.69354716818481,1.24426821011482e-08,4.21434622504639e-07
"FBgn0033541",34.4325930889093,1.13973520857846,0.388942886768357,2.93034079642972,0.00338590442165231,0.0305750752837976
"FBgn0033635",3795.15809254957,1.16231210968613,0.136693628627353,8.50304525059296,1.84680875880438e-17,1.86918773552871e-15
"FBgn0033724",225.413467052635,1.40577784658625,0.211876742839434,6.6348851117255,3.2475538313518e-11,1.59649746349255e-09
"FBgn0261673",95.3388983190457,3.27421033137561,0.289486111782899,11.3104228427756,1.16526597871446e-29,2.94846565143545e-27
"FBgn0033775",68.2280184210986,2.01616259339458,0.29600445446595,6.81125761107932,9.67492018771677e-12,5.33547040864919e-10
"FBgn0033782",232.610601304925,-1.38504206328646,0.200201013748203,-6.91825699258675,4.57234281450026e-12,2.65782873196931e-10
"FBgn0261989",25.5081242841462,1.72439444562214,0.515637835259113,3.34419689112924,0.000825211492756349,0.00941550991005685
"FBgn0033913",7588.20927372125,-1.18168830152246,0.10199063003265,-11.5862437671399,4.83891393270089e-31,1.38763921876753e-28
"FBgn0028434",122.317599855819,1.00396858830703,0.235950615833289,4.25499456639003,2.09054091882849e-05,0.000399338350592071
"FBgn0015371",547.232654652817,-1.02023171195113,0.142658212511296,-7.1515806485403,8.5784296015074e-13,5.46668369346431e-11
"FBgn0034010",781.852495028266,-1.46267182883247,0.12321570910383,-11.8708226367461,1.67809357455891e-32,5.15594250783225e-30
"FBgn0260429",117.29833450841,-1.32777727527079,0.343621702254457,-3.8640669857562,0.000111514618963316,0.00171777075158479
"FBgn0011260",291.046800019107,2.20651223629063,0.16364131720976,13.4838332635899,1.94721434040506e-41,9.30660276139152e-39
"FBgn0034139",41.4439485399701,1.1616158505287,0.35842488142603,3.24089066000968,0.00119156878385897,0.0128944229528789
"FBgn0024315",135.234124462537,-2.36641727271324,0.227547282916058,-10.3996727290574,2.48786180566268e-25,4.65284241611218e-23
"FBgn0050463",64.9163364713626,2.43319453867024,0.3265045221428,7.45225371673735,9.17590440193424e-14,6.92458820788072e-12
"FBgn0265530",65.8242787239385,-1.3248121161468,0.337186482325671,-3.92901906093385,8.52930793862656e-05,0.00134637864579824
"FBgn0263336",183.691987281598,-1.07048167904388,0.231378227099634,-4.62654456498586,3.71816891396063e-06,8.50728914010726e-05
"FBgn0000079",236.498989025006,-1.31429367181817,0.20489078542944,-6.41460605006458,1.41187479428263e-10,6.19712186490481e-09
"FBgn0000078",42.0537660441132,-1.24483068818343,0.376929697913338,-3.30255401756547,0.000958086327542525,0.0107323133800109
"FBgn0261362",8573.81484277382,1.4925024149442,0.141297820162855,10.5628127399559,4.43179506029436e-26,8.66516656902553e-24
"FBgn0034290",19.8986067198028,-1.7814224631224,0.546583928147749,-3.25919290960354,0.00111729666954779,0.0122107282780437
"FBgn0063498",486.275387655391,-1.38300712891225,0.154377277171608,-8.95861848486214,3.28771565368314e-19,4.0991619954545e-17
"FBgn0034389",170.98243656895,-2.00878843975288,0.234202447897034,-8.57714536201617,9.72566772249626e-18,1.03296196810661e-15
"FBgn0034391",97.2436869884519,1.53478879680485,0.258945976006488,5.92706177742029,3.08402977525726e-09,1.12423339646348e-07
"FBgn0264753",170.064179570852,-3.24239042013903,0.237017185205404,-13.6799802821433,1.33728956498688e-42,7.19043882973884e-40
"FBgn0034438",108.799017371315,1.82682582709532,0.239223040824019,7.63649613683825,2.2321295137029e-14,1.95949083738633e-12
"FBgn0003748",1600.65215151542,1.09037156372279,0.100075125298087,10.8955303375837,1.21059209660097e-27,2.67044200180979e-25
"FBgn0034636",24.7705189916857,-2.48740584135471,0.558169847756291,-4.45636010499937,8.33629571123029e-06,0.000177079387663492
"FBgn0034718",715.336394752894,1.35013134097689,0.18500367058808,7.29786245151334,2.92375298545679e-13,2.07876420941196e-11
"FBgn0034736",330.38302328757,-3.52280169859849,0.19033759635262,-18.5081758207776,1.77407432960324e-76,1.69581793973074e-73
"FBgn0261596",24584.3057035696,-1.10148796454302,0.104054385846926,-10.5856947362452,3.471954936553e-26,6.94633216724779e-24
"FBgn0040091",1618.13816430751,-1.57164184648403,0.120259229467612,-13.0687836055635,4.96531452148526e-39,2.03412384896846e-36
"FBgn0034804",60.1864284230873,-1.51092932433711,0.345009664846417,-4.37938260370099,1.19016015696985e-05,0.00024495090503377
"FBgn0261584",263.563999356437,-2.1134852718648,0.210801795216445,-10.0259358308345,1.1724359218798e-23,1.97773847763371e-21
"FBgn0034885",239.473728528039,1.56008226616971,0.185333290605316,8.41771200993806,3.8390810741765e-17,3.79627752656787e-15
"FBgn0034897",1340.88978023299,-1.95098499697684,0.137824726610287,-14.1555513655648,1.72578839459803e-45,1.1420736583636e-42
"FBgn0035076",48.1402929633013,1.20038643660413,0.353752123284863,3.39329818138648,0.000690564232508601,0.00817183506502269
"FBgn0035085",928.263812261588,-2.58886944816019,0.124159321918033,-20.8511886837566,1.48682782860229e-96,1.83229030531645e-93
"FBgn0025836",128.465533359649,-1.32152102400168,0.24316533774431,-5.43466036837564,5.49009015562929e-08,1.7364428532676e-06
"FBgn0025383",116.75569854841,-1.00387333242734,0.244059362287096,-4.11323426817141,3.90154094611454e-05,0.000684999117539254
"FBgn0024984",175.211555069473,1.40869788809697,0.192182099162928,7.33001613694885,2.30125020807609e-13,1.66366853277971e-11
"FBgn0023549",266.291250446855,-1.54042562644626,0.192108609918362,-8.018514251396,1.07031867104713e-15,1.00086429641505e-13
"FBgn0040388",2190.68218188918,-1.01249933701905,0.138266362287794,-7.32281749708281,2.42817935134627e-13,1.740802246636e-11
"FBgn0024977",41.5122448078854,1.10914766787201,0.361522302637496,3.06799237496605,0.00215502116743551,0.0210438673137885
"FBgn0250904",41.4422426564039,1.67356552544832,0.357745303875781,4.67809222739491,2.89556312469844e-06,6.82480261966594e-05
"FBgn0029848",20.5694557015429,1.41929434281204,0.492056934920896,2.88441081120056,0.00392146821109076,0.0347439660350297
"FBgn0029896",708.938170145817,-2.40097191668715,0.140938959795423,-17.0355444667126,4.47556879534344e-65,3.50030166784906e-62
"FBgn0261284",76.284719413893,2.29162030864173,0.290936135319233,7.87671255111443,3.36106934432594e-15,3.04371363886695e-13
"FBgn0003447",54.9655601749589,1.95739297844191,0.341132923695613,5.73791868939762,9.5847109213668e-09,3.3115368697397e-07
"FBgn0030041",123.444757780033,-2.79547568811526,0.301548347586067,-9.27040625655357,1.85438254072785e-20,2.49269578091902e-18
"FBgn0030051",48.7645327108121,1.09764885055092,0.331587605568588,3.31028311106119,0.000932016506259177,0.0104812261481669
"FBgn0259741",47.4670396870425,1.28218537283241,0.336829781272514,3.80662709808029,0.000140874910417746,0.00206391014178443
"FBgn0052681",237.854147911117,-1.05826823035607,0.177570960716421,-5.95969197940034,2.52713817397843e-09,9.33088828786972e-08
"FBgn0052677",74.8877696551449,1.2520170464404,0.276852238515457,4.52232950383207,6.1162748245333e-06,0.000134230388559847
"FBgn0025111",2192.32236942864,2.82740655434995,0.103045958048131,27.4383062461249,9.58064862753704e-166,2.06055800356753e-162
"FBgn0003360",6409.57712820784,-3.16862187821,0.110536563597995,-28.6658258142871,1.01798139165326e-180,4.3788469561965e-177
"FBgn0003366",27.0452034105918,-1.80215871159603,0.466484022082215,-3.86328068333799,0.000111874336106657,0.00171866948843851
"FBgn0030326",208.729032298503,-1.228690939479,0.214919481917888,-5.71698260443616,1.0843221237619e-08,3.71650327917275e-07
"FBgn0052625",223.149384687079,1.57183963004302,0.206356933237864,7.61709144141615,2.59455540391356e-14,2.23209601398683e-12
"FBgn0030598",55.962610051466,2.28284417880259,0.338519208308058,6.74361785912358,1.54490545472754e-11,8.05504341031575e-10
"FBgn0263257",121.14097505933,-1.0269466825601,0.241368677856996,-4.25468081309431,2.09347432427088e-05,0.000399338350592071
"FBgn0030954",25.2657263508383,1.4149669185906,0.448637599361635,3.1539196014867,0.00161093459376554,0.0164594659265617
"FBgn0085359",101.004767343504,-4.95760385015954,0.436608469728776,-11.3548045763731,7.01966763657617e-30,1.88719377117077e-27
"FBgn0031150",1189.25954357395,1.24988535990194,0.106259106392615,11.7626187753147,6.08181635099796e-32,1.80420227819433e-29
"FBgn0027279",4342.46222938062,-1.20801553857501,0.0893175469544264,-13.5249520364838,1.11416296494382e-41,5.63831999259512e-39
"FBgn0031258",214.375233367863,-1.31680316554883,0.195547969769101,-6.73391376603747,1.65159085780865e-11,8.50816535911845e-10
"FBgn0043364",1691.88322062996,-1.12866108532814,0.155311216991358,-7.26709317712022,3.67305461629262e-13,2.50788006856868e-11
"FBgn0031322",580.287432493937,-1.47571848564597,0.149283491094614,-9.8853428120239,4.81929448913391e-23,7.5382528163671e-21
"FBgn0031327",1120.97146634239,1.19342828517904,0.137609337201061,8.67258217685706,4.22429711520816e-18,4.6002060863463e-16
"FBgn0031464",42.2277440711721,-1.24191334062154,0.365731969430628,-3.3956925957415,0.000684551942907063,0.00814550534554559
"FBgn0031547",388.817530628485,-1.41762508107676,0.205211092651531,-6.90813085569418,4.91080908639743e-12,2.83541547451524e-10
"FBgn0031548",79.9281559638276,-1.86932930283324,0.311995425383516,-5.9915279223578,2.07878623774181e-09,7.9131849572092e-08
"FBgn0020376",61.5415395908162,-1.57434470238651,0.338004151604356,-4.65776735260142,3.19657154719533e-06,7.45260298659117e-05
"FBgn0031688",47.3195212553983,1.49294330801253,0.369980703164171,4.03519236339759,5.4557580761739e-05,0.000914261303858946
"FBgn0031703",131.451280028389,-1.91952335898996,0.251043683990159,-7.64617268389517,2.07049572910759e-14,1.83633760386728e-12
"FBgn0051642",156.188390840951,1.94637702409859,0.221393196378261,8.79149430036285,1.47583713991264e-18,1.69288358862246e-16
"FBgn0259715",1168.7467051574,-1.84295846654795,0.183792491402283,-10.0273871499685,1.15533423527413e-23,1.97773847763371e-21
"FBgn0264343",57.1566285386695,1.57296984215418,0.32840849535251,4.78967464122926,1.67051953831165e-06,4.15360681736853e-05
"FBgn0031912",1975.09179774423,-1.14935830607468,0.103115726313186,-11.1462950140488,7.46503298950926e-29,1.73572104888508e-26
"FBgn0040099",1269.36257331921,-1.78381534756942,0.13371796119157,-13.3401327067338,1.35218611928262e-40,6.12255641273074e-38
"FBgn0032004",1440.4614931961,-1.1766658711144,0.134564399489307,-8.74425832969219,2.24485314768918e-18,2.54111468810132e-16
"FBgn0001137",667.625236905826,-1.38639589939263,0.139578900009877,-9.93270400679851,3.00007559363296e-23,4.86974534566497e-21
"FBgn0264437",197.836508947753,2.71268413702366,0.240147532217922,11.2959067785133,1.37477725834543e-29,3.37920250101307e-27
"FBgn0267252",158.761822995154,-1.3657763314082,0.202471376357708,-6.74552796537162,1.52471563674556e-11,7.99824916031831e-10
"FBgn0032405",116.002919219642,2.42193991505436,0.236804966298319,10.2275723052332,1.49212974567772e-24,2.67433170876363e-22
"FBgn0032436",30.042971275927,1.90188592204931,0.506129361038319,3.75770715642265,0.000171477392707127,0.00245870001576569
"FBgn0053307",1496.22318613873,-1.4227680761226,0.14328196733948,-9.9298474367791,3.08727537819816e-23,4.91848705159978e-21
"FBgn0028542",1721.45659146311,-1.05923319666686,0.150558599731384,-7.0353549950429,1.98754319196961e-12,1.23013194823846e-10
"FBgn0028939",31.5876850119852,-2.1229745755391,0.454441279342873,-4.67161473229047,2.98841096357063e-06,7.02439877584648e-05
"FBgn0027348",348.787809470494,-1.02983550016159,0.170538653929817,-6.03872187583589,1.55339722914621e-09,5.96601623318966e-08
"FBgn0260011",131.7733475217,2.31700196367919,0.228206950194478,10.1530736101799,3.21088471968957e-24,5.63739617214069e-22
"FBgn0062978",27.8192710519879,-1.47659146649091,0.443941515343218,-3.32609457655551,0.000880720395376377,0.00998265818369297
"FBgn0032598",472.928539647033,1.10374334538569,0.133577505308526,8.26294324659194,1.42123822492076e-16,1.37381038752734e-14
"FBgn0000406",390.717673301672,-2.093302848707,0.218593986603894,-9.57621424646141,1.0066735395388e-21,1.41973974764792e-19
"FBgn0032638",187.693662653249,-1.44827135728282,0.211556215370264,-6.8457991401863,7.60501225798798e-12,4.27620395133795e-10
"FBgn0010097",161.282491661584,1.09039573763931,0.213096893682958,5.11690113729008,3.10596313769381e-07,8.87727603773415e-06
"FBgn0266020",26.7484688986199,1.65169696465989,0.501142375400386,3.2958637020872,0.000981196059849999,0.0109059815282811
"FBgn0023091",21.2341363919767,1.62884697782158,0.524909669946292,3.10309958280678,0.00191505189100471,0.0190025275874435
"FBgn0262620",358.383109169986,1.02842322034011,0.172376049462329,5.9661607488276,2.42900993189638e-09,9.12522814153037e-08
